page,n,vol
HOME — tête 'robot piscine',478,8260
/marque/[marque],453,7760
/aspirateur-piscine (hub désambiguïsation),267,5630
/comparatif/sans-fil,186,3490
/aspirateur-manuel (silo bas),135,2010
/pieces/*,128,1730
/avis/[modele],141,1660
/meilleur (page money),113,1620
/comparatif/hors-sol,89,1300
/guide/comment-ca-marche,80,1100
/guide/ou-acheter-belgique,64,1030
/comparatif/pas-cher,60,820
/probleme/*,53,630
/comparatif/fond-seul,35,600
/comparatif/surface-feuilles,33,460
/comparatif/enterree,30,400
/location (NE PAS CRÉER),22,340
/comparatif/fond-parois-ligne-eau,19,270
/comparatif/occasion,17,270
/comparatif/hydraulique,10,140
/comparatif/petite-piscine,6,120
/comparatif/escalier,6,100
à trier,5,70
/comparatif/grande-piscine,4,40
/comparatif/solaire,3,40
